{
    "accuracy": 0.9132569558101473,
    "precision": 0.7538461538461538,
    "recall": 0.5697674418604651,
    "f1_score": 0.6490066225165563
}