{
    "accuracy": 0.92914653784219,
    "precision": 0.8208955223880597,
    "recall": 0.632183908045977,
    "f1_score": 0.7142857142857143
}