{
    "accuracy": 0.9163822525597269,
    "precision": 0.8148148148148148,
    "recall": 0.5301204819277109,
    "f1_score": 0.6423357664233577
}