{
    "accuracy": 0.9151103565365025,
    "precision": 0.7796610169491526,
    "recall": 0.5542168674698795,
    "f1_score": 0.647887323943662
}